Timestamp,Vibration,Temperature,Pressure,UsageHours
2023-01-01 00:00:00,0.4967141530112327,16.449158036716874,101.81021558703706,1
2023-01-01 01:00:00,-0.13826430117118466,18.259072889471433,87.03168052044154,2
2023-01-01 02:00:00,0.6476885381006925,28.716320470113576,103.99687951752642,6
2023-01-01 03:00:00,1.5230298564080254,25.854327190639708,93.4864310620817,12
2023-01-01 04:00:00,-0.23415337472333597,24.080083318236603,94.71383318250243,20
2023-01-01 05:00:00,-0.23413695694918055,25.092169665326967,105.86364018755093,26
2023-01-01 06:00:00,1.5792128155073915,26.737908526808354,112.38283071433636,35
2023-01-01 07:00:00,0.7674347291529088,22.301201598453193,100.21271576736062,44
2023-01-01 08:00:00,-0.4694743859349521,21.108476372988438,103.08833012598964,46
2023-01-01 09:00:00,0.5425600435859647,25.979226275488408,117.02214944635239,47
2023-01-01 10:00:00,-0.46341769281246226,20.10813611192484,102.40753179488568,49
2023-01-01 11:00:00,-0.46572975357025687,27.041263778572358,126.01683114180395,54
2023-01-01 12:00:00,0.24196227156603412,16.4870819788108,105.65509645631545,58
2023-01-01 13:00:00,-1.913280244657798,30.14577818662822,82.39237240844182,62
2023-01-01 14:00:00,-1.7249178325130328,27.362987412065216,107.53341621104532,71
2023-01-01 15:00:00,-0.5622875292409727,26.28014867156938,103.81158384882778,79
2023-01-01 16:00:00,-1.0128311203344238,29.91345491972757,112.89752754082745,85
2023-01-01 17:00:00,0.3142473325952739,33.32737222231288,106.73181351269959,86
2023-01-01 18:00:00,-0.9080240755212109,30.07185032509065,98.61544016016227,88
2023-01-01 19:00:00,-1.4123037013352915,15.795628843341774,87.75701763710634,94
2023-01-01 20:00:00,1.465648768921554,18.602115166321493,97.90976742713974,96
2023-01-01 21:00:00,-0.22577630048653566,21.875907111521606,91.494795457907,101
2023-01-01 22:00:00,0.06752820468792384,25.13045525105417,94.19476550195277,106
2023-01-01 23:00:00,-1.4247481862134568,27.588295102345615,105.88578404420609,112
2023-01-02 00:00:00,-0.5443827245251827,21.371280934232672,116.69904504351406,118
2023-01-02 01:00:00,0.11092258970986608,25.93383382238539,103.9467152982298,124
2023-01-02 02:00:00,-1.1509935774223028,21.22308533823339,88.04116937964815,126
2023-01-02 03:00:00,0.37569801834567196,21.942410985040258,104.4460266822014,129
2023-01-02 04:00:00,-0.600638689918805,17.96669451575889,111.96631486645651,135
2023-01-02 05:00:00,-0.2916937497932768,20.38383376944548,93.90217095680617,143
2023-01-02 06:00:00,-0.6017066122293969,18.24157697191833,98.65982833327082,144
2023-01-02 07:00:00,1.8522781845089378,20.120633735113337,100.14688194729197,145
2023-01-02 08:00:00,-0.013497224737933921,30.268208983039198,92.1510168691776,147
2023-01-02 09:00:00,-1.0577109289559004,20.253005555840286,106.4828043384386,153
2023-01-02 10:00:00,0.822544912103189,38.161910324186955,98.79051851392218,162
2023-01-02 11:00:00,-1.2208436499710222,27.466589504404446,104.19532443907028,166
2023-01-02 12:00:00,0.2088635950047554,25.92418061847437,91.125078221979,169
2023-01-02 13:00:00,-1.9596701238797756,20.708211099093933,95.62541699676589,177
2023-01-02 14:00:00,-1.3281860488984305,28.501549397044958,107.22381357827771,186
2023-01-02 15:00:00,0.19686123586912352,22.12181086881113,96.27166847908234,191
2023-01-02 16:00:00,0.7384665799954104,25.610049073226808,117.26963851233405,200
2023-01-02 17:00:00,0.1713682811899705,37.800422691343975,96.00363814385398,202
2023-01-02 18:00:00,-0.11564828238824053,24.51970050137675,102.24684725751887,205
2023-01-02 19:00:00,-0.3011036955892888,30.74636663142838,109.3259083187309,212
2023-01-02 20:00:00,-1.4785219903674274,21.48411787437056,85.81634267066968,219
2023-01-02 21:00:00,-0.7198442083947086,24.82505754751519,82.39191188019224,225
2023-01-02 22:00:00,-0.4606387709597875,33.85400317817755,84.74343685429905,231
2023-01-02 23:00:00,1.0571222262189157,21.865164711061162,112.62584103427182,233
2023-01-03 00:00:00,0.3436182895684614,34.062242789984644,94.48141854107553,239
2023-01-03 01:00:00,-1.763040155362734,28.538759677277376,125.58199285668252,243
2023-01-03 02:00:00,0.324083969394795,22.18766612052866,94.35752401342612,246
2023-01-03 03:00:00,-0.38508228041631654,28.162038695277605,101.84551303197037,248
2023-01-03 04:00:00,-0.6769220003059587,29.86277224813365,115.42109952567876,249
2023-01-03 05:00:00,0.6116762888408679,28.10904981108598,120.06092888159122,254
2023-01-03 06:00:00,1.030999522495951,17.148876400547717,120.61503576636397,256
2023-01-03 07:00:00,0.9312801191161986,21.364314120875658,112.08366230593143,258
2023-01-03 08:00:00,-0.8392175232226385,23.762406822242475,110.24062525811462,265
2023-01-03 09:00:00,-0.3092123758512146,24.62783285449977,105.92526949201184,273
2023-01-03 10:00:00,0.33126343140356396,28.103360487753392,107.78361076166638,281
2023-01-03 11:00:00,0.9755451271223592,25.888505004666268,94.48814283671467,285
2023-01-03 12:00:00,-0.47917423784528995,18.323278206449494,91.81801116577692,286
2023-01-03 13:00:00,-0.18565897666381712,26.900989255029817,99.96625542589048,293
2023-01-03 14:00:00,-1.1063349740060282,28.052928726419115,98.29815377475072,294
2023-01-03 15:00:00,-1.1962066240806708,27.7989522396552,95.46771950672725,298
2023-01-03 16:00:00,0.812525822394198,30.403903627773108,106.96387447456715,306
2023-01-03 17:00:00,1.356240028570823,29.16961077274452,109.5530520857051,308
2023-01-03 18:00:00,-0.07201012158033385,27.295900396142184,100.88406886291847,314
2023-01-03 19:00:00,1.0035328978920242,24.649171442706766,114.77530081055262,320
2023-01-03 20:00:00,0.36163602504763415,16.69519533242004,88.58310885866496,329
2023-01-03 21:00:00,-0.6451197546051243,27.148091095662927,98.06340540720282,334
2023-01-03 22:00:00,0.36139560550841393,26.038438435815557,92.83177679397195,338
2023-01-03 23:00:00,1.5380365664659692,26.357894185976868,81.33463382926939,343
2023-01-04 00:00:00,-0.03582603910995154,18.616257120898453,99.17319314157301,348
2023-01-04 01:00:00,1.5646436558140062,19.594717297958688,98.78252491616716,356
2023-01-04 02:00:00,-2.6197451040897444,30.26576426666452,115.13449743242131,364
2023-01-04 03:00:00,0.8219025043752238,24.802224230716725,106.30811684554777,366
2023-01-04 04:00:00,0.08704706823817122,28.40750348686312,89.75813175670795,373
2023-01-04 05:00:00,-0.29900735046586746,25.141591880652307,118.54092566334188,381
2023-01-04 06:00:00,0.0917607765355023,25.148780697478728,112.21033695525352,387
2023-01-04 07:00:00,-1.9875689146008928,29.691419029879988,105.82097703468615,392
2023-01-04 08:00:00,-0.21967188783751193,22.41977635891313,97.73515901150168,401
2023-01-04 09:00:00,0.3571125715117464,25.480603884704916,90.4056076327652,404
2023-01-04 10:00:00,1.477894044741516,22.688623556474788,96.27793223928947,408
2023-01-04 11:00:00,-0.5182702182736474,22.82751886283842,110.88748619704185,417
2023-01-04 12:00:00,-0.8084936028931876,23.454139382656802,118.84586305934609,423
2023-01-04 13:00:00,-0.5017570435845365,26.110668858168566,115.43243528272188,431
2023-01-04 14:00:00,0.9154021177020741,22.606256891682612,95.11150578213726,438
2023-01-04 15:00:00,0.32875110965968446,31.278780627867604,88.80382566710989,440
2023-01-04 16:00:00,-0.5297602037670388,20.52696348890248,101.40886246911204,443
2023-01-04 17:00:00,0.5132674331133561,24.065641779193204,82.31560634437149,444
2023-01-04 18:00:00,0.09707754934804039,22.801344708629124,103.23167714184781,453
2023-01-04 19:00:00,0.9686449905328892,32.23488942176866,98.52397413701331,460
2023-01-04 20:00:00,-0.7020530938773524,25.982773882557872,95.33963498131757,461
2023-01-04 21:00:00,-0.3276621465977682,30.159222697343175,84.05296932733205,464
2023-01-04 22:00:00,-0.39210815313215763,17.57219813481514,105.13600106569717,468
2023-01-04 23:00:00,-1.4635149481321186,26.335251329346296,94.6729916033809,472
2023-01-05 00:00:00,0.29612027706457605,29.448153978117183,88.30083164289712,477
2023-01-05 01:00:00,0.26105527217988933,25.41141994637712,71.2773778671835,480
2023-01-05 02:00:00,0.00511345664246089,30.327401875326757,99.72485094949364,483
2023-01-05 03:00:00,-0.23458713337514692,22.41355774949814,117.72251596669744,484
2023-01-05 04:00:00,-1.4153707420504142,32.0467372009279,116.6125921454787,491
2023-01-05 05:00:00,-0.42064532276535904,36.49449061809625,95.42903743413729,492
2023-01-05 06:00:00,-0.3427145165267695,23.185807197801704,93.97787939638219,494
2023-01-05 07:00:00,-0.8022772692216189,22.77248739299614,104.68774256075024,498
2023-01-05 08:00:00,-0.16128571166600914,32.2669223855885,90.01614560811709,502
2023-01-05 09:00:00,0.4040508568145384,32.89786072865356,103.01791899819466,507
2023-01-05 10:00:00,1.8861859012105302,22.385699864233658,107.6608027838469,509
2023-01-05 11:00:00,0.17457781283183896,22.899065914520712,112.26933223884308,513
2023-01-05 12:00:00,0.25755039072276437,23.591076955697464,98.99845923520047,514
2023-01-05 13:00:00,-0.07444591576616721,18.277747444828613,97.96326249823034,516
2023-01-05 14:00:00,-1.9187712152990415,20.40674026757901,91.2201741324344,517
2023-01-05 15:00:00,-0.026513875449216878,19.97929616623966,91.73119645960139,521
2023-01-05 16:00:00,0.06023020994102644,21.161012174479357,97.73521108098473,525
2023-01-05 17:00:00,2.463242112485286,24.826575563066093,103.67365506816178,532
2023-01-05 18:00:00,-0.19236096478112252,26.171073662682602,109.13584626233249,541
2023-01-05 19:00:00,0.30154734233361247,32.75250246407038,91.96821049319655,550
2023-01-05 20:00:00,-0.03471176970524331,20.008229796306047,114.92688568959522,555
2023-01-05 21:00:00,-1.168678037619532,29.921611992382918,97.2887639895743,556
2023-01-05 22:00:00,1.1428228145150205,23.930055778872454,99.78632705651565,557
2023-01-05 23:00:00,0.7519330326867741,24.752681451737836,92.52788320852177,563
2023-01-06 00:00:00,0.7910319470430469,28.37409746083302,75.75759739727059,565
2023-01-06 01:00:00,-0.9093874547947389,19.386389892188507,108.8404539636105,573
2023-01-06 02:00:00,1.4027943109360992,26.912048730920255,107.36843897092433,582
2023-01-06 03:00:00,-1.4018510627922809,25.83226104106528,97.18672442881787,586
2023-01-06 04:00:00,0.5868570938002703,27.462256320040744,100.66990717224871,591
2023-01-06 05:00:00,2.1904556258099785,26.44584321953909,105.159392177041,599
2023-01-06 06:00:00,-0.9905363251306883,37.276500699554475,84.37454143113457,602
2023-01-06 07:00:00,-0.5662977296027719,21.81130007874342,94.70947322653706,607
2023-01-06 08:00:00,0.09965136508764122,22.345015224990913,107.94264679621827,610
2023-01-06 09:00:00,-0.5034756541161992,21.88429736787618,87.45710576830751,613
2023-01-06 10:00:00,-1.5506634310661327,22.222614404198726,102.9355793216663,616
2023-01-06 11:00:00,0.06856297480602733,21.81306436346741,86.43418195376594,623
2023-01-06 12:00:00,-1.0623037137261049,30.94508265553776,104.66429982433526,630
2023-01-06 13:00:00,0.4735924306351816,32.102521239949276,99.64358517702516,637
2023-01-06 14:00:00,-0.9194242342338032,22.14626853125262,83.8486818409449,645
2023-01-06 15:00:00,1.5499344050175394,20.838222134478855,111.64739354457171,650
2023-01-06 16:00:00,-0.7832532923362371,27.35707778193202,92.65408423201951,655
2023-01-06 17:00:00,-0.3220615162056756,22.238884778595143,91.89747562985619,659
2023-01-06 18:00:00,0.8135172173696698,28.164659088777555,102.00569197230944,666
2023-01-06 19:00:00,-1.2308643164339552,26.0146151042565,111.48637349428715,670
2023-01-06 20:00:00,0.22745993460412942,17.42127942501384,89.84178181021603,672
2023-01-06 21:00:00,1.307142754282428,32.737526006650306,100.61679849847971,676
2023-01-06 22:00:00,-1.6074832345612275,33.97938836547761,104.28816500330574,684
2023-01-06 23:00:00,0.1846338585323042,21.93605654757807,106.93105607263143,693
2023-01-07 00:00:00,0.25988279424842353,23.061492200320078,101.76441555277225,696
2023-01-07 01:00:00,0.7818228717773104,26.429326953624525,96.32972160916678,703
2023-01-07 02:00:00,-1.236950710878082,26.672283949935125,91.7240977935128,712
2023-01-07 03:00:00,-1.3204566130842763,28.29272136336415,100.86143883046375,716
2023-01-07 04:00:00,0.5219415656168976,35.05102269383175,89.27860988014393,719
2023-01-07 05:00:00,0.29698467323318606,24.11526386252975,70.78649516505394,724
2023-01-07 06:00:00,0.25049285034587654,21.00851377730773,104.36559804157667,725
2023-01-07 07:00:00,0.3464482094969757,18.103403859927365,109.03934841086195,728
2023-01-07 08:00:00,-0.6800247215784908,21.345349800290403,76.37067564458161,736
2023-01-07 09:00:00,0.23225369716100355,24.834365135631014,89.90269295290062,744
2023-01-07 10:00:00,0.29307247329868125,33.97278931758894,106.19154261005198,748
2023-01-07 11:00:00,-0.7143514180263678,22.411943504819142,120.574954697117,750
2023-01-07 12:00:00,1.8657745111447566,26.118939758194493,100.20793707675408,758
2023-01-07 13:00:00,0.4738329209117875,24.91788551963624,92.71997058770866,766
2023-01-07 14:00:00,-1.1913034972026486,30.94196636724042,98.1710355889516,770
2023-01-07 15:00:00,0.6565536086338297,37.63466212936811,113.74876419148185,773
2023-01-07 16:00:00,-0.9746816702273214,22.345656135398396,93.54035820875464,775
2023-01-07 17:00:00,0.787084603742452,22.55280278740889,92.00807993349747,784
2023-01-07 18:00:00,1.158595579007404,30.22080438534536,95.17256477817968,785
2023-01-07 19:00:00,-0.8206823183517105,28.40945744813156,90.46671391741287,792
2023-01-07 20:00:00,0.9633761292443218,34.23353662868017,101.22670315994796,797
2023-01-07 21:00:00,0.4127809269364983,27.919640926629818,116.2467845846956,805
2023-01-07 22:00:00,0.82206015999449,23.203539546064704,103.23079273116029,809
2023-01-07 23:00:00,1.8967929826539474,27.953274153461546,97.47646497873713,816
2023-01-08 00:00:00,-0.2453881160028705,30.543517902914537,97.08188731084456,821
2023-01-08 01:00:00,-0.7537361643574896,29.102410905986822,84.36809191303342,826
2023-01-08 02:00:00,-0.8895144296255233,27.53637015553649,108.83109777147159,835
2023-01-08 03:00:00,-0.8158102849654383,30.333373447945768,99.22162802987198,844
2023-01-08 04:00:00,-0.0771017094141042,30.846477952228362,98.19520086409375,853
2023-01-08 05:00:00,0.3411519748166439,31.910794955187637,131.93107567844862,859
2023-01-08 06:00:00,0.27669079933001905,28.243549437948214,102.98752908365687,865
2023-01-08 07:00:00,0.8271832490360238,24.164409598415727,92.48208949904816,870
2023-01-08 08:00:00,0.01300189187790702,25.733568432166614,95.73642403794457,879
2023-01-08 09:00:00,1.4535340771573169,31.032544832541785,111.48445709196756,887
2023-01-08 10:00:00,-0.2646568332379561,20.91532164506382,101.13270410537764,894
2023-01-08 11:00:00,2.720169166589619,26.843366544364507,85.61722021682633,901
2023-01-08 12:00:00,0.6256673477650062,23.033305938363196,109.19228934575203,907
2023-01-08 13:00:00,-0.8571575564162826,25.143724114674086,93.31855914461006,912
2023-01-08 14:00:00,-1.0708924980611123,31.392259313036494,118.73297776217545,916
2023-01-08 15:00:00,0.4824724152431853,25.955495340099517,110.80048065714648,919
2023-01-08 16:00:00,-0.2234627853258509,25.232182740780743,95.52678104341248,922
2023-01-08 17:00:00,0.714000494092092,18.200719295100406,112.81016361735112,928
2023-01-08 18:00:00,0.47323762457354485,28.731267830136105,100.67855510527403,932
2023-01-08 19:00:00,-0.07282891265687277,28.227420905705376,108.52773675122219,938
2023-01-08 20:00:00,-0.846793718068405,35.8162736165273,104.84732817294474,941
2023-01-08 21:00:00,-1.5148472246858646,23.461108825234994,91.53643345009127,945
2023-01-08 22:00:00,-0.4465149520670211,26.095751638319694,93.56450167682539,954
2023-01-08 23:00:00,0.8563987943234723,26.246918418553776,110.29960817581161,959
2023-01-09 00:00:00,0.21409374413020396,32.887266398817374,96.65224667893459,966
2023-01-09 01:00:00,-1.245738778711988,24.523522338065238,95.96351536758003,968
2023-01-09 02:00:00,0.173180925851182,26.395107628851697,90.44877420650647,973
2023-01-09 03:00:00,0.3853173797288368,28.039482548582697,104.23599065593461,982
2023-01-09 04:00:00,-0.883857436201133,25.93304561578179,120.62524919243145,985
2023-01-09 05:00:00,0.1537251059455279,22.767831927247357,89.32467085745728,994
2023-01-09 06:00:00,0.058208718445999896,25.97044996449154,100.24219456672758,1000
2023-01-09 07:00:00,-1.142970297830623,30.36815874929886,114.12220555415429,1004
2023-01-09 08:00:00,0.3577873603482833,19.8674235029447,99.20358608754285,1011
2023-01-09 09:00:00,0.5607845263682344,25.66484837073438,104.52371796249734,1019
2023-01-09 10:00:00,1.083051243175277,21.499395925304135,89.37606471853121,1025
2023-01-09 11:00:00,1.053802052034903,30.975233144624212,104.28307097207649,1030
2023-01-09 12:00:00,-1.377669367957091,17.384065476081126,98.12855734995452,1036
2023-01-09 13:00:00,-0.9378250399151228,22.205390763642058,109.85729995679863,1041
2023-01-09 14:00:00,0.5150352672086598,26.886059375322603,111.87386051564751,1049
2023-01-09 15:00:00,0.5137859509122088,32.827620146171704,125.89563642018614,1050
2023-01-09 16:00:00,0.5150476863060479,24.67124869463506,105.79633173213576,1057
2023-01-09 17:00:00,3.852731490654721,22.22400236653401,103.25796316582166,1059
2023-01-09 18:00:00,0.570890510693167,34.40578534720295,101.94384301577335,1068
2023-01-09 19:00:00,1.135565640180599,17.75993049791878,96.46833707189312,1069
2023-01-09 20:00:00,0.9540017634932023,14.005970216899591,103.38483843461691,1075
2023-01-09 21:00:00,0.651391251305798,27.20007225026666,97.0459858986097,1084
2023-01-09 22:00:00,-0.3152692446403456,22.489728878236946,101.68460976269614,1085
2023-01-09 23:00:00,0.7589692204932674,19.893835914346433,113.17597535607959,1089
2023-01-10 00:00:00,-0.7728252145375718,28.541782236496765,89.9345743472036,1093
2023-01-10 01:00:00,-0.23681860674000887,26.219003568855996,111.39878561129045,1102
2023-01-10 02:00:00,-0.48536354782910346,22.179606846316357,113.17115067339866,1107
2023-01-10 03:00:00,0.08187413938632256,18.59847800664553,98.81931473008922,1112
2023-01-10 04:00:00,2.3146585666735087,29.362286641400722,78.78145100991405,1118
2023-01-10 05:00:00,-1.867265192591748,28.251005889793305,93.92178012905568,1119
2023-01-10 06:00:00,0.6862601903745135,24.504120681103085,112.96994546561109,1120
2023-01-10 07:00:00,-1.6127158711896517,34.23318498023833,99.77131937701118,1129
2023-01-10 08:00:00,-0.47193186578943347,19.649576168369236,90.0069776770509,1132
2023-01-10 09:00:00,1.088950596967366,17.372374145376305,94.95225078771783,1136
2023-01-10 10:00:00,0.06428001909546277,21.540459650593778,108.40620026504553,1137
2023-01-10 11:00:00,-1.0777447779293061,24.77206991822251,105.4673356820138,1146
2023-01-10 12:00:00,-0.7153037092599682,26.21669724661346,97.61067900830305,1154
2023-01-10 13:00:00,0.6795977489346758,23.79381971071835,96.33175588185313,1156
2023-01-10 14:00:00,-0.7303666317171367,26.760276982571483,96.08241850956178,1164
2023-01-10 15:00:00,0.21645858958197486,18.74230287904778,90.77589815501497,1171
2023-01-10 16:00:00,0.045571839903813784,32.2188230203663,116.15375689469442,1177
2023-01-10 17:00:00,-0.6516003476058171,24.589244108037157,96.7767953078866,1178
2023-01-10 18:00:00,2.1439440893253257,30.586479157940637,112.17158520825497,1185
2023-01-10 19:00:00,0.6339190223180112,26.71362673188852,115.21316051922452,1192
2023-01-10 20:00:00,-2.025142586657607,27.283766095768918,109.9831089814796,1201
2023-01-10 21:00:00,0.18645431476942764,27.84883640116102,95.68379687281951,1202
2023-01-10 22:00:00,-0.661786464768388,27.238542800086574,104.03730090336609,1204
2023-01-10 23:00:00,0.852433334796224,28.21361379933772,99.75804393609084,1213
2023-01-11 00:00:00,-0.7925207384327007,31.645762650662157,90.96298139269872,1222
2023-01-11 01:00:00,-0.11473644146689901,25.98260584850735,103.24359281721603,1228
2023-01-11 02:00:00,0.5049872789804571,28.54501878794256,88.20960208840198,1234
2023-01-11 03:00:00,0.8657551941701215,24.551321528563868,111.87679388461564,1238
2023-01-11 04:00:00,-1.2002964070557762,32.200586077247365,95.35382702701607,1242
2023-01-11 05:00:00,-0.3345012358409484,21.61803848970365,102.0115965587284,1247
2023-01-11 06:00:00,-0.4749453111609562,34.004702164554075,102.83287871546142,1250
2023-01-11 07:00:00,-0.6533292325737119,24.799210246778284,97.41095026295923,1251
2023-01-11 08:00:00,1.7654542402810969,17.84612448940976,105.86693801475275,1252
2023-01-11 09:00:00,0.40498171096095553,25.640522074553946,95.25096343377476,1259
2023-01-11 10:00:00,-1.2608839543350452,21.594741712625595,108.71297297457244,1260
2023-01-11 11:00:00,0.9178619470547761,29.203217744943622,86.54020319753252,1261
2023-01-11 12:00:00,2.1221561970126332,21.736880103488044,101.26379579546412,1264
2023-01-11 13:00:00,1.0324652605511468,22.769082833926102,119.38928999058285,1268
2023-01-11 14:00:00,-1.5193699659540134,15.552296345272346,89.99668675394426,1272
2023-01-11 15:00:00,-0.48423407286625136,22.738468403754617,93.22255029475149,1274
2023-01-11 16:00:00,1.2669111491866227,12.880603366855217,105.13907849658915,1275
2023-01-11 17:00:00,-0.7076694656187807,17.080485882571384,101.79581781939598,1278
2023-01-11 18:00:00,0.44381942814622843,28.802073280721487,103.50630099273559,1282
2023-01-11 19:00:00,0.7746340534293368,28.92900079325416,104.89187130147664,1285
2023-01-11 20:00:00,-0.926930471578083,27.127287808924823,106.3472146856177,1293
2023-01-11 21:00:00,-0.05952535606180008,20.165119284353935,111.09699841956223,1294
2023-01-11 22:00:00,-3.2412673400690726,24.7614432192901,104.09818656928513,1296
2023-01-11 23:00:00,-1.0243876413342898,24.981987304547157,97.58742345381458,1303
2023-01-12 00:00:00,-0.2525681513931603,19.208176554037287,106.72573701202731,1307
2023-01-12 01:00:00,-1.2477831819648495,32.51699150883575,118.99881934895215,1315
2023-01-12 02:00:00,1.6324113039316352,29.386811452878355,98.67366253617426,1318
2023-01-12 03:00:00,-1.4301413779606327,23.89517913085168,90.25470695329358,1324
2023-01-12 04:00:00,-0.44004448669698376,25.134429194972654,111.07080669286972,1333
2023-01-12 05:00:00,0.13074057728609134,26.04191403973776,98.79618836046401,1334
2023-01-12 06:00:00,1.4412732890661155,14.791325657878547,78.27330453985964,1335
2023-01-12 07:00:00,-1.4358621511794394,23.764113087397014,108.47421677150422,1343
2023-01-12 08:00:00,1.1631637521549596,21.590078760011007,94.64671814046078,1346
2023-01-12 09:00:00,0.010233061019587049,19.991899950525422,99.0946671769584,1351
2023-01-12 10:00:00,-0.9815086510479509,23.594498535570224,103.31980330569014,1352
2023-01-12 11:00:00,0.46210347426327075,33.988432634247616,101.90499679779066,1357
2023-01-12 12:00:00,0.19905969557347003,28.20421430633505,107.09451817139039,1363
2023-01-12 13:00:00,-0.6002168771587947,22.144105051086015,95.64513629430157,1371
2023-01-12 14:00:00,0.06980208499001891,27.862913906780793,105.13105798176083,1374
2023-01-12 15:00:00,-0.3853135968617602,31.99677718293001,97.40453322416083,1377
2023-01-12 16:00:00,0.11351734525124804,29.623168414563843,107.38810480887503,1386
2023-01-12 17:00:00,0.6621306745210467,25.29815184960087,106.15367484013053,1390
2023-01-12 18:00:00,1.586016816145352,21.76531611147213,90.64561297955404,1394
2023-01-12 19:00:00,-1.237815498826849,28.491116568067948,110.85982116175032,1401
2023-01-12 20:00:00,2.1330333746562666,26.967426927108747,94.64036554885952,1403
2023-01-12 21:00:00,-1.9520877995225019,29.475966100138663,108.08057798281145,1411
2023-01-12 22:00:00,-0.15178509503558332,28.175859008409848,103.6728731340134,1417
2023-01-12 23:00:00,0.5883172064845765,30.247763576596675,118.38183676795123,1420
2023-01-13 00:00:00,0.28099186773503265,22.32382394219716,97.76534017628148,1429
2023-01-13 01:00:00,-0.6226995198205938,31.586970328171628,96.50683203881802,1434
2023-01-13 02:00:00,-0.20812225035727522,25.987998023461998,99.80580394112268,1442
2023-01-13 03:00:00,-0.4930009346588328,35.37630436312632,96.96820217165724,1449
2023-01-13 04:00:00,-0.5893647569442115,21.55406090955216,107.9994190194205,1457
2023-01-13 05:00:00,0.8496020970210246,33.67981901582625,83.83689391563412,1464
2023-01-13 06:00:00,0.35701548596504734,25.989553917313238,89.46317580853646,1467
2023-01-13 07:00:00,-0.6929095952606542,21.74290998192776,89.32197078420808,1469
2023-01-13 08:00:00,0.8995998754332507,22.58057082972839,109.50307591973575,1476
2023-01-13 09:00:00,0.30729952087660933,23.3982634590284,117.10613372581925,1479
2023-01-13 10:00:00,0.8128621188389601,27.120829732009582,98.95550781462528,1482
2023-01-13 11:00:00,0.6296288419236122,27.6141774401775,98.31178276809989,1484
2023-01-13 12:00:00,-0.8289950109220723,22.131499980307105,100.70052163113182,1488
2023-01-13 13:00:00,-0.5601810401969696,24.878227038695087,111.6187830260819,1496
2023-01-13 14:00:00,0.7472936051232618,35.71135179305932,90.72646865809426,1497
2023-01-13 15:00:00,0.6103702654334648,33.637715850503554,102.38368982734785,1498
2023-01-13 16:00:00,-0.020901593964148132,27.18161834837016,109.7519762978243,1503
2023-01-13 17:00:00,0.117327383308782,25.190017390841,105.01094169939846,1508
2023-01-13 18:00:00,1.277664895788425,25.600156633591308,101.89581616598744,1509
2023-01-13 19:00:00,-0.5915713888358299,28.06758986365208,110.01046092567141,1515
2023-01-13 20:00:00,0.5470973811700379,19.886037174007974,72.96767707000762,1516
2023-01-13 21:00:00,-0.20219265243389406,23.713117312883274,106.77875319530908,1521
2023-01-13 22:00:00,-0.2176812032272203,16.657079630612053,93.45924316872576,1530
2023-01-13 23:00:00,1.09877685198719,26.996115613026397,81.69367103143543,1535
2023-01-14 00:00:00,0.8254163489880298,28.235979698513706,105.11202599524981,1541
2023-01-14 01:00:00,0.8135096360006385,22.58406768850313,113.73658545162958,1549
2023-01-14 02:00:00,1.305478807154329,32.869933816450164,98.62551485372308,1550
2023-01-14 03:00:00,0.02100384163275905,18.871171684988294,109.52874547202939,1552
2023-01-14 04:00:00,0.6819529712949639,17.6781255989509,116.12278257988646,1561
2023-01-14 05:00:00,-0.31026675659345604,26.12225909279986,113.14914453584048,1564
2023-01-14 06:00:00,0.3241663524884421,30.235491513060772,116.39964529371393,1570
2023-01-14 07:00:00,-0.13014305436768459,33.419638457289345,107.42127491071892,1575
2023-01-14 08:00:00,0.09699596499271819,22.7055786856553,100.75433638901593,1577
2023-01-14 09:00:00,0.5951570254369136,30.39340416715648,83.98034188102832,1584
2023-01-14 10:00:00,-0.8182206832334725,24.807457652496463,97.53937511870052,1588
2023-01-14 11:00:00,2.0923872756854602,24.136863500295902,91.56753404683808,1589
2023-01-14 12:00:00,-1.006017381499702,29.41829968743336,121.70942717497815,1593
2023-01-14 13:00:00,-1.2141886127877322,28.2616143920671,98.24114187567663,1599
2023-01-14 14:00:00,1.1581108735000678,17.118039215078753,101.23204806784486,1606
2023-01-14 15:00:00,0.7916626939629359,32.38270174862948,105.51485376040468,1613
2023-01-14 16:00:00,0.6241198170521551,31.900456770737257,100.43602446372454,1620
2023-01-14 17:00:00,0.6283455092642799,21.872186492452354,116.95051040430752,1623
2023-01-14 18:00:00,-0.012246772846914623,26.979017667187044,93.77350638265548,1629
2023-01-14 19:00:00,-0.8972543714858315,27.470150931413695,101.94607455237242,1637
2023-01-14 20:00:00,0.07580455819372633,26.303368829119535,92.57529414301952,1641
2023-01-14 21:00:00,-0.6771617115121117,22.2484742307729,86.79977488779295,1649
2023-01-14 22:00:00,0.9751197334177512,21.641883160309742,93.88230909094715,1651
2023-01-14 23:00:00,-0.14705738150213865,24.872229645042772,99.62963202951588,1660
2023-01-15 00:00:00,-0.8254971967925115,30.86364509629682,95.7069777548274,1669
2023-01-15 01:00:00,-0.32138584165299344,27.71800077297216,93.07579020126144,1677
2023-01-15 02:00:00,0.41293145427562433,23.14692833956947,85.93682536328166,1678
2023-01-15 03:00:00,-0.5637245528039747,28.858493553241722,99.16894427371305,1680
2023-01-15 04:00:00,-0.8222203955664315,10.757286896849623,84.95279625968998,1686
2023-01-15 05:00:00,0.2436872114919123,30.743828501860516,107.60055963689602,1691
2023-01-15 06:00:00,0.24496657110872277,16.301431106109504,100.82439752934503,1700
2023-01-15 07:00:00,-0.5069431753711298,23.18779529298434,85.42448500535069,1705
2023-01-15 08:00:00,-0.4710383056183228,19.401650526869282,96.90790922950137,1707
2023-01-15 09:00:00,0.2320499373576363,18.526592621395473,92.47843594409417,1711
2023-01-15 10:00:00,-1.4480843414973241,30.804133936892597,103.19174510419181,1720
2023-01-15 11:00:00,-1.4074637743765552,22.661493993440544,113.40450446023145,1721
2023-01-15 12:00:00,-0.718444221252436,26.73251940865358,81.24827530354256,1722
2023-01-15 13:00:00,-0.21344715171184725,24.76539710560408,101.15026079147417,1729
2023-01-15 14:00:00,0.3109075655980046,27.385204136115608,98.3986720443336,1732
2023-01-15 15:00:00,1.475356216949552,25.384109455301278,106.71340076450466,1734
2023-01-15 16:00:00,0.8576596232020194,18.58503887905715,102.1319662823769,1743
2023-01-15 17:00:00,-0.1599385299634271,29.9813340972357,92.48030668261181,1746
2023-01-15 18:00:00,-0.01901620790268883,22.531217084193436,96.80946064333382,1748
2023-01-15 19:00:00,-1.0025293646378088,17.217090506701247,92.03974143196511,1756
2023-01-15 20:00:00,-0.01851313599238993,22.859424195170437,110.76007138598598,1762
2023-01-15 21:00:00,-0.2886586389201383,32.503798953171554,100.21311648671943,1768
2023-01-15 22:00:00,0.3227185603380895,29.251108710567465,119.01190685753008,1775
2023-01-15 23:00:00,-0.827230943552323,23.256739327960705,99.39339186185379,1782
2023-01-16 00:00:00,0.5193465142411723,23.253711478407855,92.91593233089537,1788
2023-01-16 01:00:00,1.5327389130025777,23.391824743913087,84.86285607387173,1792
2023-01-16 02:00:00,-0.1087601484568576,35.383739917804206,81.96860323744055,1801
2023-01-16 03:00:00,0.40171172209894146,26.909677261157768,84.1586405699451,1807
2023-01-16 04:00:00,0.6901439917111125,27.150208235955347,102.67126651011483,1811
2023-01-16 05:00:00,-0.40122047188583626,30.15141727015921,105.08725023229934,1814
2023-01-16 06:00:00,0.22409248181041677,26.193945795132567,84.18809297967867,1818
2023-01-16 07:00:00,0.01259240078179486,23.704789270896484,108.95038314076115,1821
2023-01-16 08:00:00,0.09767609854883172,24.01825075457511,95.1693894831656,1823
2023-01-16 09:00:00,-0.7730097838554665,24.641993702929682,101.4679301198555,1828
2023-01-16 10:00:00,0.024510174258942714,24.813888817450792,116.12220628255425,1830
2023-01-16 11:00:00,0.49799829124544975,28.6381477181849,108.96839315865532,1836
2023-01-16 12:00:00,1.4511436077950417,25.259729429036497,97.31469352094167,1839
2023-01-16 13:00:00,0.9592708260852069,28.663200386077897,91.08807774584713,1845
2023-01-16 14:00:00,2.1531824575115563,24.59641709945709,78.48184598670696,1854
2023-01-16 15:00:00,-0.7673475628880495,25.393175951580453,92.8084668075758,1855
2023-01-16 16:00:00,0.8723206367206782,15.008996577339461,97.88869761172306,1861
2023-01-16 17:00:00,0.18334200573835174,29.58163837351241,90.12820472848816,1870
2023-01-16 18:00:00,2.1898029332176723,26.732442379489964,98.68743032907695,1874
2023-01-16 19:00:00,-0.8082982853551515,29.99005054929826,100.76851882958768,1876
2023-01-16 20:00:00,-0.8397218421807761,10.518723109031553,97.75144018191921,1880
2023-01-16 21:00:00,-0.5993926454440222,35.44187352390364,93.4999741917654,1881
2023-01-16 22:00:00,-2.123895724309807,24.302051859224132,101.68654671966728,1884
2023-01-16 23:00:00,-0.525755021680761,30.540914083687582,104.41940649569409,1893
2023-01-17 00:00:00,-0.759132661553698,19.800470364372345,89.09600922557154,1898
2023-01-17 01:00:00,0.15039378647620763,28.06386952531285,114.10932379746271,1904
2023-01-17 02:00:00,0.34175597577715944,19.73292218413172,99.01411867715738,1907
2023-01-17 03:00:00,1.8761708392158862,21.881155196520975,100.18849622944848,1912
2023-01-17 04:00:00,0.9504238381860503,34.570156769333934,107.08214423256557,1920
2023-01-17 05:00:00,-0.5769036556624031,24.046587996183266,102.33216131263502,1926
2023-01-17 06:00:00,-0.898414671348358,26.087164365898616,109.53136633913245,1930
2023-01-17 07:00:00,0.4919191715065057,29.35033865344377,102.87124165201824,1932
2023-01-17 08:00:00,-1.3202332070206422,27.47840943986302,93.87562625359563,1941
2023-01-17 09:00:00,1.8314587658543537,25.752094525717883,103.61503525206102,1942
2023-01-17 10:00:00,1.179440120721287,26.824805012331126,88.56273792679337,1943
2023-01-17 11:00:00,-0.4691756521047048,37.01707792619138,101.08559705776523,1947
2023-01-17 12:00:00,-1.7131345290908775,24.711906014832074,99.6677000935554,1954
2023-01-17 13:00:00,1.3538723741654128,26.005495233574837,97.9188314272746,1955
2023-01-17 14:00:00,-0.11453984525261789,30.25327198003806,98.71462488561069,1964
2023-01-17 15:00:00,1.2378163119734618,30.52762966478992,81.1815095450236,1968
2023-01-17 16:00:00,-1.594427658794367,30.9351515278019,94.51275092259039,1971
2023-01-17 17:00:00,-0.5993750229537729,28.19365111014592,100.92844901141115,1972
2023-01-17 18:00:00,0.005243699718183166,19.284975436347583,101.598563919974,1976
2023-01-17 19:00:00,0.046980593764742055,33.16715766150548,89.72324859074041,1985
2023-01-17 20:00:00,-0.45006547147924364,19.26827303490656,112.65707840864701,1991
2023-01-17 21:00:00,0.6228499323474987,26.513177326195166,91.33825151785499,1997
2023-01-17 22:00:00,-1.0676204293825944,21.22862074990321,109.69457200526736,1998
2023-01-17 23:00:00,-0.1423794850212935,24.679308267035037,104.27194361871685,2000
2023-01-18 00:00:00,0.12029563171189886,26.6438120515174,93.53772690156197,2006
2023-01-18 01:00:00,0.514438834058749,26.606786077251364,117.75310892609512,2008
2023-01-18 02:00:00,0.7116148780888898,27.109603771176424,88.0636316824352,2011
2023-01-18 03:00:00,-1.1246420918378692,33.06855634529323,109.19154173610002,2015
2023-01-18 04:00:00,-1.5341141707356223,27.2676715075699,110.00582318042979,2020
2023-01-18 05:00:00,1.277676821898509,23.779216823546758,93.29379790923355,2029
2023-01-18 06:00:00,0.33231401197959165,29.820435841441785,113.92465300064329,2033
2023-01-18 07:00:00,-0.7484865365565536,30.947352444623203,97.49953485401048,2042
2023-01-18 08:00:00,1.551151975522523,18.86196092431504,102.88693629279857,2045
2023-01-18 09:00:00,0.11567463429285867,27.98700034924929,102.6032183877122,2053
2023-01-18 10:00:00,1.1792971840638264,28.50586371155449,98.65691258529452,2054
2023-01-18 11:00:00,0.06751848141010895,23.51218248320004,108.10808273159782,2063
2023-01-18 12:00:00,2.060747924881987,31.878534066558096,107.93488720552213,2072
2023-01-18 13:00:00,1.7553408424432044,24.249722064837368,82.51468026761819,2074
2023-01-18 14:00:00,-0.2489641484790735,25.627882267357712,113.04340242878152,2078
2023-01-18 15:00:00,0.9715709509543554,24.13464087858065,83.37508011964326,2086
2023-01-18 16:00:00,0.6453759495851475,25.077895237907338,110.32546204341658,2093
2023-01-18 17:00:00,1.3686315575323487,19.518624565523993,111.26705136827583,2094
2023-01-18 18:00:00,-0.9649234605801045,17.79974558702853,89.09033569784802,2099
2023-01-18 19:00:00,0.6860514599984393,32.97252531612486,95.89185712045415,2106
2023-01-18 20:00:00,1.0584244868495878,20.76519325840836,88.94295331514064,2110
2023-01-18 21:00:00,-1.7587394864231143,20.043038252718464,97.85078969711265,2111
2023-01-18 22:00:00,-1.183258512665775,14.233049431981426,96.91965715814258,2120
2023-01-18 23:00:00,-2.0392321777601006,21.805191261552487,107.7966053226934,2125
2023-01-19 00:00:00,-0.26940683444455776,18.38455103296251,113.10308746119608,2127
2023-01-19 01:00:00,0.7175422557959623,33.21007580068185,113.95683810789956,2135
2023-01-19 02:00:00,1.502357052096028,30.04908544671317,94.37831973421697,2137
2023-01-19 03:00:00,0.07409478041977519,21.559248274111383,97.90778126255472,2140
2023-01-19 04:00:00,1.6286155455712918,36.26217902672154,83.1656180777905,2141
2023-01-19 05:00:00,-1.3801014582148914,29.90882743495797,91.94129933503811,2143
2023-01-19 06:00:00,-1.7033824393551547,23.37584308245689,109.64851633097457,2150
2023-01-19 07:00:00,-0.05554769889661878,12.502971425632134,116.15582823548232,2152
2023-01-19 08:00:00,0.3840654489393073,36.45471286295371,87.65651128120078,2158
2023-01-19 09:00:00,-0.03269474809409311,18.05213766618202,94.07535740847106,2161
2023-01-19 10:00:00,-2.0674421000398766,16.773006265215542,99.73594243041073,2165
2023-01-19 11:00:00,-0.08912003951278841,30.112852160048202,102.80161158819607,2173
2023-01-19 12:00:00,-1.3044695005048532,37.19876203169636,91.90396480078354,2176
2023-01-19 13:00:00,0.6696725488300385,31.92136409255259,104.2406104446409,2182
2023-01-19 14:00:00,0.36659824609684827,27.819545600261797,95.26160652929084,2183
2023-01-19 15:00:00,-0.9398797863273552,27.97377170832643,99.85547729121721,2190
2023-01-19 16:00:00,-0.5138669173366935,29.26707779390154,105.462842480037,2198
2023-01-19 17:00:00,-1.0592135218889516,28.794642948933827,100.06422269810938,2206
2023-01-19 18:00:00,-0.06267909727317188,26.405957119846878,95.63614109473431,2209
2023-01-19 19:00:00,0.9551423205012383,25.52100551975938,98.90390196074169,2210
2023-01-19 20:00:00,-0.9857260463355437,24.687034360502388,99.11637040794665,2219
2023-01-19 21:00:00,0.5040465155178444,21.23017705566662,96.29988970117873,2225
2023-01-19 22:00:00,-0.5302576183724408,23.59662461566613,97.41203937332898,2234
2023-01-19 23:00:00,-0.7928728322623442,16.535215929023074,115.98647170504717,2241
2023-01-20 00:00:00,-0.10703035995455783,24.50830186602625,105.6091944794124,2242
2023-01-20 01:00:00,-1.035242322419374,20.057044464245415,97.0451968197084,2243
2023-01-20 02:00:00,-0.553649305347182,19.482053413921143,106.96954404510736,2249
2023-01-20 03:00:00,-1.1978778925888485,25.899470755767393,96.6618051024399,2254
2023-01-20 04:00:00,1.9647251329163893,31.960011431722997,111.73124637586642,2263
2023-01-20 05:00:00,0.03526355197172861,29.591583030011563,103.69642192198094,2265
2023-01-20 06:00:00,-0.6997255079925856,17.147496981884114,98.92697855995772,2273
2023-01-20 07:00:00,0.213979910734222,20.051859317148313,104.47716925810278,2278
2023-01-20 08:00:00,-0.11232804969082982,29.70385593994108,84.29123847931501,2280
2023-01-20 09:00:00,-0.22096959953322298,20.087563032308452,88.73232531090194,2286
2023-01-20 10:00:00,0.6141667000434252,23.876834250014877,88.06074993600944,2294
2023-01-20 11:00:00,0.7575077100473051,27.75026049512276,101.42943094763707,2298
2023-01-20 12:00:00,-0.5305011476105275,20.158277725681824,117.32514999485092,2300
2023-01-20 13:00:00,-0.57581824064468,25.5268775307298,122.31300146192632,2305
2023-01-20 14:00:00,-0.275051697151644,18.329872525408977,106.38051101440757,2307
2023-01-20 15:00:00,-2.301921164735585,21.99316178024393,105.00844474944456,2309
2023-01-20 16:00:00,-1.5151910621985523,26.598909670712686,81.9894226584726,2315
2023-01-20 17:00:00,1.3668742674445247,17.035031332341653,94.57326200265979,2324
2023-01-20 18:00:00,1.6449677135012837,27.202373689801995,92.12216248091761,2328
2023-01-20 19:00:00,-0.24903603955637832,24.901811005366593,93.79152401748884,2334
2023-01-20 20:00:00,0.5765569630557664,27.762449772085738,98.3185618141521,2341
2023-01-20 21:00:00,0.3112501545435361,26.119570670323306,95.27909422302872,2347
2023-01-20 22:00:00,3.0788808084552377,31.82070214986922,80.20700189624212,2355
2023-01-20 23:00:00,1.1195749114345768,25.626122513239537,107.47910256117534,2359
2023-01-21 00:00:00,-0.12791759148076653,22.852972294373735,89.27256974260193,2360
2023-01-21 01:00:00,-0.9555404406004258,25.611487515161418,102.39246864111149,2367
2023-01-21 02:00:00,-1.6064463202575725,27.71649014518194,120.74082669749973,2370
2023-01-21 03:00:00,0.2034636358672231,25.24430035162852,90.80615408413577,2376
2023-01-21 04:00:00,-0.7563507452843033,25.202958456019413,74.69712477253671,2378
2023-01-21 05:00:00,-1.4222537095976742,21.490041560966223,97.13995778119889,2387
2023-01-21 06:00:00,-0.6465728842425266,21.68549541224526,111.00959634998571,2388
2023-01-21 07:00:00,-1.081548003614395,17.986973641001534,119.58347454220593,2394
2023-01-21 08:00:00,1.6871416350725648,33.7478837159347,87.70450405547584,2400
2023-01-21 09:00:00,0.8816397569494505,18.780683823043574,104.96699223236521,2405
2023-01-21 10:00:00,-0.007972641316617372,21.53547401102046,95.34689543219946,2410
2023-01-21 11:00:00,1.4799441388900259,21.40796367215401,98.94051645695865,2411
2023-01-21 12:00:00,0.0773683076476183,29.474621884722207,126.44343347017035,2416
2023-01-21 13:00:00,-0.8612842013282637,23.52525160853986,84.97029671604847,2418
2023-01-21 14:00:00,1.5231240772696573,31.238710363368668,102.53739661494573,2425
2023-01-21 15:00:00,0.5389100436846587,21.63254687878066,104.67693171765433,2428
2023-01-21 16:00:00,-1.0372461543264564,26.39497081111901,110.85786324939347,2432
2023-01-21 17:00:00,-0.1903386780836082,20.823264733701215,100.97983153470895,2435
2023-01-21 18:00:00,-0.8756182533847572,35.72574563886694,103.08050539504103,2438
2023-01-21 19:00:00,-1.382799730964336,19.062007904852436,96.08351432578209,2442
2023-01-21 20:00:00,0.9261775475316414,26.549103551135136,102.69126941245108,2447
2023-01-21 21:00:00,1.9094166404701305,28.168884404660492,96.56807724502589,2448
2023-01-21 22:00:00,-1.3985675738191412,27.068995487257492,106.21571889856051,2452
2023-01-21 23:00:00,0.5629692366905709,24.073561705611457,96.30389663956366,2460
2023-01-22 00:00:00,-0.6506425691218269,24.35089650133287,103.77100393902187,2467
2023-01-22 01:00:00,-0.48712538376469605,25.219057359895547,99.70737186315021,2476
2023-01-22 02:00:00,-0.5923939242388692,24.264989991857558,111.26050250772168,2481
2023-01-22 03:00:00,-0.863990769679816,29.819395583974547,99.48606276411513,2485
2023-01-22 04:00:00,0.04852162794482699,36.05261500795676,82.26967531793119,2493
2023-01-22 05:00:00,-0.8309501164110378,22.212541074960832,112.61921500713991,2502
2023-01-22 06:00:00,0.2704568257798388,18.150985102104613,90.94267699137382,2509
2023-01-22 07:00:00,-0.05023810944913695,24.558589758243727,93.46233661351181,2516
2023-01-22 08:00:00,-0.23894804686640975,37.898546688271594,94.04338705956508,2521
2023-01-22 09:00:00,-0.9075636620415979,20.981627160151348,113.74438093170818,2525
2023-01-22 10:00:00,-0.5767713305683327,33.195584027220335,78.64325786021304,2526
2023-01-22 11:00:00,0.755391225825756,33.388504070382204,131.37748533659993,2533
2023-01-22 12:00:00,0.5009171876243808,22.232058791460027,110.56056809066052,2534
2023-01-22 13:00:00,-0.977555244798551,27.844915395926378,102.23238914129159,2535
2023-01-22 14:00:00,0.09933230542922587,33.14198311564269,99.45105999383713,2540
2023-01-22 15:00:00,0.751387123371789,23.104361295062564,102.85554074857657,2549
2023-01-22 16:00:00,-1.6694052811213718,23.982098199488192,105.21122428379338,2555
2023-01-22 17:00:00,0.543360192379935,22.09159543025678,106.45215585950056,2558
2023-01-22 18:00:00,-0.6626237589458467,19.926216346535668,105.55604466003449,2561
2023-01-22 19:00:00,0.5705986685931593,21.753612274669965,100.8958068125525,2568
2023-01-22 20:00:00,-0.7632591565425169,18.880298666188718,98.02661579692673,2574
2023-01-22 21:00:00,-1.804882100664519,25.17041734129613,98.48726716346488,2583
2023-01-22 22:00:00,-1.6275424378831627,21.15013384470679,98.0509171964732,2589
2023-01-22 23:00:00,0.048084946661381994,26.16892955895374,111.33770096867065,2594
2023-01-23 00:00:00,0.25972250172148187,17.220521768981865,105.93556722280861,2601
2023-01-23 01:00:00,-0.9043166251044086,26.654401161072286,70.5961136533572,2602
2023-01-23 02:00:00,0.6385924587773739,29.167644808044624,106.55900776529761,2609
2023-01-23 03:00:00,-1.6615200622689599,15.031321787142723,101.94736194718774,2612
2023-01-23 04:00:00,-0.06607979864731657,26.87028284923786,99.81291243554102,2621
2023-01-23 05:00:00,-1.2110161997624567,31.13834496236646,96.11481546911114,2627
2023-01-23 06:00:00,-0.6518361078021592,18.951794906543974,111.24112719986013,2636
2023-01-23 07:00:00,0.047398671316414016,33.362861934188516,109.47526462122858,2641
2023-01-23 08:00:00,-0.8604133652839524,27.095095046830227,92.27122332176391,2648
2023-01-23 09:00:00,-0.38455554422982535,21.474940721207957,104.07052287124534,2652
2023-01-23 10:00:00,1.0062928092144405,24.72115461171147,90.28343265458714,2659
2023-01-23 11:00:00,-0.5768918695231487,27.79163456260861,86.20381835211069,2660
2023-01-23 12:00:00,0.8356921120651418,25.380026957062057,93.73282775410036,2667
2023-01-23 13:00:00,-1.129706854657618,27.693779962231847,108.62393472382759,2675
2023-01-23 14:00:00,0.5298041779152828,20.39663203460317,109.53125045376086,2680
2023-01-23 15:00:00,1.4415686206579004,25.84680412018039,105.13085420097293,2682
2023-01-23 16:00:00,-2.4716445001272893,17.9314275154751,107.25095786847997,2687
2023-01-23 17:00:00,-0.7968952554704768,24.4438696932565,105.16178287114958,2693
2023-01-23 18:00:00,0.57707212718054,20.480461792676053,93.58518404777048,2695
2023-01-23 19:00:00,-0.2030453860429927,21.322350287051165,104.31922544673941,2701
2023-01-23 20:00:00,0.37114587337130883,31.18046587605219,108.00409525227683,2707
2023-01-23 21:00:00,-0.6039851867158206,30.456550602971344,107.54291329813574,2708
2023-01-23 22:00:00,0.08658978747289992,28.045690604535885,111.88913371474644,2709
2023-01-23 23:00:00,-0.15567723539207948,19.538436176637106,107.08303847201064,2712
2023-01-24 00:00:00,1.1677820616598074,23.41795775152599,103.51448207541583,2715
2023-01-24 01:00:00,0.2544208433012131,31.065488499895917,110.70150238316427,2719
2023-01-24 02:00:00,0.3376026620752022,25.708584568199523,99.7347874075094,2721
2023-01-24 03:00:00,-0.4118769661224674,36.59664769990847,91.18125348772283,2730
2023-01-24 04:00:00,-0.48760622407249354,26.96658919697186,98.36933036056236,2737
2023-01-24 05:00:00,-0.4325581878196209,25.960245582450156,92.55097355193551,2744
2023-01-24 06:00:00,0.39445214237829684,23.454417678987493,93.24821725025619,2750
2023-01-24 07:00:00,-0.42098448082026296,25.66770452391141,98.55481329284483,2753
2023-01-24 08:00:00,0.2897748568964129,24.23765081809728,92.07580079000039,2759
2023-01-24 09:00:00,2.075400798645439,28.54054338344295,96.9203847036096,2767
2023-01-24 10:00:00,0.8711247034316923,29.78351158397292,81.06385333046214,2775
2023-01-24 11:00:00,-0.32602353216784113,21.070052697460252,102.13293707372938,2784
2023-01-24 12:00:00,1.2012139221639448,18.34383523221111,100.01205475362224,2785
2023-01-24 13:00:00,-0.4080753730215514,15.818973134483517,91.82911368931809,2786
2023-01-24 14:00:00,-2.038124535177854,27.539956634562717,106.59245668432405,2789
2023-01-24 15:00:00,-1.008086310917404,19.483166969130632,109.37570137626558,2792
2023-01-24 16:00:00,-1.8707919210258557,14.235547035237586,83.92440135631026,2800
2023-01-24 17:00:00,-0.35151348404130867,26.942893022654822,92.37275221433785,2801
2023-01-24 18:00:00,0.0184183791895517,37.46499758716395,92.30857650212701,2803
2023-01-24 19:00:00,1.6764373122752827,24.969645442300532,90.60096898891135,2805
2023-01-24 20:00:00,0.32692737376416264,29.19245387225821,108.29474841931749,2808
2023-01-24 21:00:00,-0.21910052880886424,25.409146792737825,98.06173861227197,2814
2023-01-24 22:00:00,0.8294055811834892,24.505551734044285,97.35485158689389,2815
2023-01-24 23:00:00,-2.211135309007885,29.595382414938843,79.96137635593246,2817
2023-01-25 00:00:00,0.23561455810856594,23.548627279056742,106.35418030209226,2818
2023-01-25 01:00:00,5.770865193886967,26.336961570359513,87.60741605146528,2823
2023-01-25 02:00:00,3.5214137542201582,26.608489030980067,100.59932630266329,2830
2023-01-25 03:00:00,6.143754043206929,21.659547731784755,102.77376937958192,2838
2023-01-25 04:00:00,5.338496407494414,29.960211747682614,113.60658595838652,2839
2023-01-25 05:00:00,4.584712086099199,24.125201216522957,86.91179600880888,2846
2023-01-25 06:00:00,5.632781866106285,21.221274202535778,69.80487844179174,2851
2023-01-25 07:00:00,7.270692857804396,27.682549217852017,101.83849544753694,2852
2023-01-25 08:00:00,5.1818662550584955,20.507660091044812,118.00511181510853,2855
2023-01-25 09:00:00,5.248220586300336,25.140905786845643,112.38946352939438,2862
2023-01-25 10:00:00,4.540639100459756,24.95440501677898,102.09659415274626,2863
2023-01-25 11:00:00,4.150155630535208,30.42947782915789,95.08363814367952,2870
2023-01-25 12:00:00,5.830335816544245,27.373491164399763,108.0712259663731,2875
2023-01-25 13:00:00,4.1439161740911326,24.87486520627428,90.26453800295532,2876
2023-01-25 14:00:00,5.071566237219392,29.088831496001436,104.7635776935622,2877
2023-01-25 15:00:00,4.522342553234884,31.951037745086566,105.05470159166627,2878
2023-01-25 16:00:00,5.478979825746392,27.789051531759313,110.6020990749888,2887
2023-01-25 17:00:00,5.333662105286948,25.051763099216902,127.59660038911078,2890
2023-01-25 18:00:00,6.037539944257899,18.4408188382492,103.92415967178766,2895
2023-01-25 19:00:00,4.489983601145253,19.674431684623137,94.91036374292501,2904
2023-01-25 20:00:00,4.730125064706629,23.47387647822666,99.74425687808005,2910
2023-01-25 21:00:00,4.021236284217693,21.952438989203586,82.30924095110882,2919
2023-01-25 22:00:00,4.555706739923888,24.06514348507277,93.05286868910942,2927
2023-01-25 23:00:00,5.377300493044852,25.283249624485535,95.90717561886896,2935
2023-01-26 00:00:00,5.756988616645351,27.648463771783653,94.75911602065408,2936
2023-01-26 01:00:00,4.077834675822374,24.647506109704544,101.52354872033722,2945
2023-01-26 02:00:00,5.86960592010566,27.43250821913101,91.775800676178,2951
2023-01-26 03:00:00,6.3556378588049505,25.3223720740506,111.21030667324472,2960
2023-01-26 04:00:00,5.413434903223701,15.122667168230643,100.00207064918197,2963
2023-01-26 05:00:00,6.876795812558066,20.303323030906228,99.90699678861385,2966
2023-01-26 06:00:00,4.2262108008964265,24.279562221391924,96.72105283487082,2972
2023-01-26 07:00:00,3.755345296688583,18.95152628579446,101.55190683858979,2981
2023-01-26 08:00:00,3.2212797510957216,27.999643649981024,108.25098264667635,2988
2023-01-26 09:00:00,6.496044311489183,32.65375416171849,91.32869784289099,2991
2023-01-26 10:00:00,5.654365656354058,31.093809258486584,93.41883510924744,2994
2023-01-26 11:00:00,4.944415329089545,23.93278564534896,96.96273971223336,2996
2023-01-26 12:00:00,5.27996862631982,32.45363068424976,86.54129076526785,3005
2023-01-26 13:00:00,3.8745109527016233,25.743337286010558,91.80742140278502,3008
2023-01-26 14:00:00,7.445751979616826,23.314570144409803,95.23779126455341,3013
2023-01-26 15:00:00,5.129221181975227,21.9329866822953,108.74389180712727,3022
2023-01-26 16:00:00,5.109394794604893,23.487651567559357,102.62561329001925,3030
2023-01-26 17:00:00,5.725766623898692,23.059115907293858,101.93589911367545,3032
2023-01-26 18:00:00,5.481009231736714,25.85208111187744,108.50897962167971,3035
2023-01-26 19:00:00,5.223884024279132,25.802869905249324,98.62628211600604,3037
2023-01-26 20:00:00,4.209525544554688,25.015230100767074,103.9046484992889,3045
2023-01-26 21:00:00,5.471468357135996,27.184690848731748,98.96778247067503,3051
2023-01-26 22:00:00,6.882024496475034,30.953231373931708,102.65362349399628,3057
2023-01-26 23:00:00,6.3454200461549775,29.747770677206617,94.17241342388418,3066
2023-01-27 00:00:00,6.5931866266393975,17.575510157750482,75.61182841723571,3074
2023-01-27 01:00:00,4.488784323568815,12.230394325490225,98.65720837813696,3078
2023-01-27 02:00:00,4.010395179741419,29.67159955619637,114.2274813609994,3082
2023-01-27 03:00:00,4.874213079900352,18.165606507922895,109.26215402241593,3091
2023-01-27 04:00:00,5.055724912288695,23.87617299053658,109.6539748459117,3092
2023-01-27 05:00:00,6.094191518470948,19.149434869703203,112.36130721806218,3094
2023-01-27 06:00:00,3.307535370285181,15.9900978120999,100.88657590961438,3096
2023-01-27 07:00:00,6.529550319460614,27.70731364102394,101.97315707405596,3102
2023-01-27 08:00:00,4.8419921014210106,28.795775801513233,93.8234810456565,3106
2023-01-27 09:00:00,4.57311893005258,22.1174479963664,96.8392714397295,3109
2023-01-27 10:00:00,3.9878956247398323,12.044788539275451,106.15771149771142,3112
2023-01-27 11:00:00,3.3451433281342307,22.268777758737585,112.03884437168816,3115
2023-01-27 12:00:00,5.823170583961915,26.959020027012734,98.60553724319,3121
2023-01-27 13:00:00,5.073317967188403,17.605442156129357,95.49810735148588,3129
2023-01-27 14:00:00,3.710039100258946,25.91679959889578,100.00527958856597,3136
2023-01-27 15:00:00,3.704921227936384,24.923450754135022,106.01206748929116,3140
2023-01-27 16:00:00,4.664215300709872,27.896457498005443,85.56145183866458,3144
2023-01-27 17:00:00,6.669021525289393,25.597901842070765,77.03819046862762,3146
2023-01-27 18:00:00,4.740408648636395,20.13465529559222,94.49463150508416,3147
2023-01-27 19:00:00,3.496857046881894,30.982857508322457,87.79287574085842,3156
2023-01-27 20:00:00,4.754256935914055,24.20735213486515,94.9185980235269,3158
2023-01-27 21:00:00,4.72727643025233,24.86347730245034,98.52219681182528,3166
2023-01-27 22:00:00,2.3031133570584283,20.333660204634022,95.46751590976987,3175
2023-01-27 23:00:00,4.945705133482188,22.783588744042447,114.52467534470745,3179
2023-01-28 00:00:00,4.769065469791322,20.575986429865495,103.2674476460232,3187
2023-01-28 01:00:00,5.696206364813419,24.135269700382885,103.00474359610828,3196
2023-01-28 02:00:00,6.848956094945345,33.558542400711715,106.22207144043402,3201
2023-01-28 03:00:00,6.126565029547757,18.140494285343216,88.61166882219231,3208
2023-01-28 04:00:00,4.731111309445169,16.932193010616295,110.39111787420269,3212
2023-01-28 05:00:00,3.8934740912583297,32.35585163746804,99.2423571346454,3213
2023-01-28 06:00:00,7.57335980324986,23.95338161424067,106.70480617241212,3216
2023-01-28 07:00:00,5.059218434014488,21.654636306700418,89.28142766959844,3221
2023-01-28 08:00:00,5.013929291912946,30.19952343698038,84.46241233983936,3224
2023-01-28 09:00:00,4.975874912889997,21.97192230131568,108.17889658025028,3231
2023-01-28 10:00:00,5.198084760767855,34.13004856773468,103.76409526097517,3240
2023-01-28 11:00:00,4.855639588076057,28.389629356696346,90.9794844564249,3246
2023-01-28 12:00:00,4.4263379931197635,22.560442959271487,91.30336918725305,3247
2023-01-28 13:00:00,4.453141058759607,35.786541066327516,111.2543478441477,3254
2023-01-28 14:00:00,4.9672467297840015,21.97142538498331,88.10588107132672,3257
2023-01-28 15:00:00,4.456575228866235,28.710476860046533,116.42672953255963,3262
2023-01-28 16:00:00,4.287154217322835,26.49646290203246,90.99379265352131,3266
2023-01-28 17:00:00,5.106430227691897,31.50870644699399,106.38391925608383,3271
2023-01-28 18:00:00,4.745022782579145,32.807555983634266,96.71381524251015,3276
2023-01-28 19:00:00,6.503992988582689,25.160020745328833,106.03187431082343,3282
2023-01-28 20:00:00,2.349030191606988,21.232910648269083,94.55885997885807,3288
2023-01-28 21:00:00,6.091506851922462,27.299860714695583,98.37207093927705,3296
2023-01-28 22:00:00,6.246085192497629,21.61142315123947,100.40919175395722,3304
2023-01-28 23:00:00,2.9266097675918505,35.066936237633115,89.97812544218527,3313
2023-01-29 00:00:00,4.657312405919651,25.682676655413687,107.40824345420125,3321
2023-01-29 01:00:00,4.628559134004209,23.173392243439455,94.86786433528415,3323
2023-01-29 02:00:00,3.5924883052821786,25.923401529324543,97.71400084659982,3324
2023-01-29 03:00:00,4.222183312409125,18.264368552351517,90.05650625391488,3326
2023-01-29 04:00:00,3.8894241545341712,20.141929807446743,74.3766634120469,3328
2023-01-29 05:00:00,6.7522704434236225,31.00206953972213,98.08972237399831,3331
2023-01-29 06:00:00,5.9356783931474615,21.71552860514302,124.12615421612915,3338
2023-01-29 07:00:00,6.2715550949941585,19.7654450865903,107.84604287898024,3340
2023-01-29 08:00:00,5.7216720640432355,27.68326376263643,99.80739620265605,3341
2023-01-29 09:00:00,3.870948228782771,30.928520773314986,97.37109170791733,3347
2023-01-29 10:00:00,4.475479733720226,28.594766553325336,100.22465892812046,3356
2023-01-29 11:00:00,5.489374561227918,29.980238429029082,105.4711911517521,3359
2023-01-29 12:00:00,3.7778721911080546,21.216024557152696,88.19187184691155,3365
2023-01-29 13:00:00,5.712998430172388,17.89094666629078,111.14321694668872,3368
2023-01-29 14:00:00,4.759674601841865,32.506668259777435,107.15381315441245,3369
2023-01-29 15:00:00,4.625179192450402,23.38660080578932,107.18185725707934,3374
2023-01-29 16:00:00,5.7109599682034915,23.745834917724764,104.38475738809727,3378
2023-01-29 17:00:00,5.44426331148604,31.640970709245288,100.1961665769399,3385
2023-01-29 18:00:00,4.63903383418092,27.7811500470033,106.7286123596682,3391
2023-01-29 19:00:00,6.159329803364248,27.27943886040804,105.91814133741379,3398
2023-01-29 20:00:00,3.9189366724001027,35.825011724505416,96.45959289058976,3403
2023-01-29 21:00:00,5.615935606944264,21.782408848099287,94.26398227103098,3407
2023-01-29 22:00:00,5.593101257968383,29.639200640406187,101.01856295261987,3414
2023-01-29 23:00:00,4.690453560686009,25.285065624485423,115.49020151495188,3421
2023-01-30 00:00:00,5.326133022242118,26.342961394316283,87.60892924346099,3427
2023-01-30 01:00:00,3.748886423614697,32.64234213206266,85.3247473424756,3435
2023-01-30 02:00:00,5.924027019206901,27.53917878144812,101.64760841236517,3439
2023-01-30 03:00:00,4.8150978635570105,27.691480395248163,100.50887701856018,3444
2023-01-30 04:00:00,4.47727697948096,30.36253668654901,101.73341664370409,3448
2023-01-30 05:00:00,6.0490092258368895,23.175236352285573,102.439531979085,3449
2023-01-30 06:00:00,4.29565630945724,20.803951663304968,97.76797745365195,3457
2023-01-30 07:00:00,3.5915387036364406,19.775954029894834,114.89863438602082,3458
2023-01-30 08:00:00,3.4433708264760963,15.16821705311999,83.99096021523485,3463
2023-01-30 09:00:00,5.60600995134564,35.28103564970161,91.71502975219754,3469
2023-01-30 10:00:00,3.719570647503717,19.483958171391585,98.96745239850952,3475
2023-01-30 11:00:00,6.754794181984365,23.89373188207114,83.56811188845833,3480
2023-01-30 12:00:00,2.918070592116278,23.615933500555396,98.24145595567929,3483
2023-01-30 13:00:00,6.696456368290038,26.537033489045506,116.61470165728018,3488
2023-01-30 14:00:00,5.211017467202619,29.078686062696484,100.20886488295962,3496
2023-01-30 15:00:00,4.903286888129608,29.302367441798726,102.30700905718683,3498
2023-01-30 16:00:00,4.4550809131910505,22.08461280715531,87.3983523482742,3504
2023-01-30 17:00:00,5.399136114352071,24.164391431067944,93.83638591960522,3513
2023-01-30 18:00:00,4.962365297575151,26.412899752441497,96.24803619676064,3521
2023-01-30 19:00:00,6.103301882016521,23.756544369082263,96.82284903243766,3529
2023-01-30 20:00:00,5.114227648662039,33.03672788009996,112.81643795003768,3537
2023-01-30 21:00:00,5.150301761461877,27.454874758191256,105.57691060725125,3544
2023-01-30 22:00:00,4.636387787786144,28.674388930249087,88.88542043062968,3552
2023-01-30 23:00:00,4.9430543762789325,28.314406343337062,102.46504778432005,3558
2023-01-31 00:00:00,5.307801768892059,30.867369287426627,104.98221748496785,3560
